Model Name,Accuracy,Precision,Recall,F1-Score
svm_lemma_cv,49.08020603384842,8.680248007085916,93.33333333333333,15.883306320907616
svm_lemma_tf,48.148148148148145,8.680555555555555,95.23809523809523,15.910898965791564
svm_port_cv,49.10473387294579,8.610741233910343,92.38095238095238,15.753146569224521
svm_port_tf,48.41795437821928,8.722197993894461,95.23809523809523,15.980823012385137
