Model Name,Accuracy,Precision,Recall,F1-Score
svm_lemma_cv,89.03281519861831,81.56028368794325,53.24074074074075,64.42577030812325
svm_lemma_tf,89.11917098445595,83.08823529411765,52.31481481481482,64.20454545454545
svm_port_cv,88.86010362694302,80.0,53.70370370370371,64.26592797783934
svm_port_tf,89.11917098445595,78.125,57.870370370370374,66.48936170212765
